iter	F1	Logloss
0	0.7293298697	0.668698539711	0.7305971052	0.655323941422	0.7246004683	0.643173148333	0.7320461288	0.62384084	044	0.7322855298	0.61313995	055	0.7349281153	0.60415706	066	0.7367741551	0.5884627	0777	0.7360901359	0.5813418	0888	0.7362953841	0.5686669	9	99	0.7361068084	0.5614036585
